tweet_id,text,source,created_at,possibly_sensitive,author_id,places_type,places_normalized_text,hashtags,lang
1.4654391455983616e+18,@krazyjoker00 @JustinTrudeau My life is pre-Covid. I don't take any of this mask or vaccine theatre seriously.,Twitter Web App,2021-11-29T21:54:53.000Z,0.0,1.346614716345557e+18,,,,en
1.4654340783379825e+18,"@JustinTrudeau @j_akeeagok Hey Justin, just a big thanks! My real estate portfolio and stock portfolio has exploded under your policies, my pfizer stock particularly has gone up 54% since Feb 2021! Keep up the great work and if you could, mandate a booster vaccine! Thank you! GO JUSTIN",Twitter Web App,2021-11-29T21:34:45.000Z,0.0,1.4328621155142615e+18,Person Person,Justin JUSTIN,,en
1.465429047635157e+18,@WHVandermeer @JustinTrudeau Lmao only in vaccinated? It was first found in South Africa in almost only unvaccinated (primarily bc S Africa has a horrible vaccine rate). It was found due to their incredible sequencing abilities (result of HIV). What you highlight is current mrna is trash against it.,Twitter for iPhone,2021-11-29T21:14:45.000Z,0.0,2415126655.0,Place Place Other,South Africa S Africa HIV,,en
1.46542568786765e+18,"@CHuizvernon @jodyvance @JustinTrudeau @CPHO_Canada Vaccines are waning. Fully vaccinated ppl post 4 months are being hospitalized. Not one vaccine in history has ended a pandemic. not ONE. NPIs and vaccines TOGETHER are what's needed. Stop drinking the #NDPcult koolaid, it could save your life",Twitter Web App,2021-11-29T21:01:24.000Z,0.0,1.427747845080191e+18,,,NDPcult,en
1.4654216629255619e+18,"@CPHO_Canada @JustinTrudeau #CoronaVirus #CoVid19 @fordnation @celliottability @epdevilla @jyduclos An Impolite Message to Those Who Got the Covid ‚ÄúVaccine‚Äù
https://t.co/NUmmqbgaax https://t.co/6VdGxPmhw9",Buffer,2021-11-29T20:45:25.000Z,0.0,37271053.0,,,CoronaVirus CoVid19,en
1.465421160410235e+18,@JustinTrudeau Thank you for mandating the double vaccine to travel in &amp; out of üá®üá¶.  It‚Äôs to bad other world leaders don‚Äôt follow your lead.   üëç @JustinTrudeau @CanadianPM,Twitter for iPhone,2021-11-29T20:43:25.000Z,0.0,322217212.0,,,,en
1.465415544182612e+18,"@CPHO_Canada Bet Dr Tam didn‚Äôt tell anyone!
Pfizer mRNA COVID-19 Biological Product. CDC Director Walensky states it no longer reliably prevents infection, re-infection, viral transmission or death from COVID-19. It is a failed ‚Äúvaccine‚Äù. This was reaffirmed on 26 August, 2021",Twitter for iPhone,2021-11-29T20:21:06.000Z,0.0,1.3827508046212178e+18,Person,Dr Tam,,en
1.4654067937906074e+18,@PoliticalOrgasm .Not a vaccine is a bio weapon being used against humanity. Charges of crimes against humanity are in order. #1 CDN culprit @JustinTrudeau,Twitter Web App,2021-11-29T19:46:20.000Z,0.0,817349780.0,,,,en
1.4654056444801638e+18,"@CPHO_Canada I don't know, ü§î seems like the symptoms of the new variant are just side effects from the vaccine. https://t.co/Ab6hUJ2ETg",Twitter for Android,2021-11-29T19:41:46.000Z,0.0,24416115.0,,,,en
1.4654052576309453e+18,"@CPHO_Canada fake news. Omicron was incubated in the vaccinated. Worse, vaccine damage is cumulative with each jab, vaccine related micro clots in lungs results in hyper tensive blood pressure leading to heart failure, and yet you continue to press vaccinations? #COVID19",Twitter Web App,2021-11-29T19:40:13.000Z,0.0,1.2240349929692733e+18,,,COVID19,en
1.465401852359553e+18,"@RCAFOperations @JustinTrudeau @RCAF_ARC @CFOperations @MARPAC_FMARP @CanadianForces October..

Vaccine Patents Kill! A Message on the TRIPS Waiver from South Africa

https://t.co/zugoLXjoOf",Twitter Web App,2021-11-29T19:26:42.000Z,0.0,114111998.0,Place,South Africa,,en
1.4654014842842112e+18,"@CPHO_Canada Since unvaccinated people can‚Äôt travel in or out of Australia, and Omicron showed up there‚Ä¶.clearly this vaccine isn‚Äôt working as well as you say. Can you please be honest for once!!!! The vaccine does NOT stop transmission. Give people back their jobs",Twitter for iPhone,2021-11-29T19:25:14.000Z,0.0,1.4562328922632397e+18,Place Organization,Australia Omicron,,en
1.4653996322515722e+18,"@JustinTrudeau How about all of those that lost their lives due to vaccine mandates, coercion, lack of science and failure of leadership? You have blood on your hands.",Twitter Web App,2021-11-29T19:17:52.000Z,0.0,228437579.0,,,,en
1.4653949367324344e+18,"@KevinAndrewTO @JustinTrudeau @pfizer @moderna_tx We won‚Äôt have answers for some time or an adapted vaccine for months, so in the meantime, it‚Äôs important we use all tools available to slow spread, including travel restrictions like mandatory PCR tests for those coming to Canada.
2/2",Twitter for iPhone,2021-11-29T18:59:13.000Z,0.0,66717575.0,Place,Canada,,en
1.46539412359526e+18,"@KevinAndrewTO @JustinTrudeau Vaccines are a critical tool used to combat previous variants; it remains to be seen the degree current vaccines are against Omicron, a question @pfizer and @moderna_tx are investigating:
1/2

https://t.co/MMjuywsaDi",Twitter for iPhone,2021-11-29T18:55:59.000Z,0.0,66717575.0,,,,en
1.4653924275235308e+18,"@slbell59 @JustinTrudeau Unvaccinated are not allowed to leave Canada. 
Unvaccinated are not allowed to enter Canada. 

This week, we recorded 2 cases of the new COVID variant. 

This means that the people bringing it to Canada are FULLY VACCINATED. 

Tell me again how the vaccine will protect people.",Twitter Web App,2021-11-29T18:49:15.000Z,0.0,1.3237096517043036e+18,Place Place Place,Canada Canada Canada,,en
1.4653893109670052e+18,@JustinTrudeau Imagine the new side effects are the same as the side effects from the vaccine.    Shocker.,Twitter Web App,2021-11-29T18:36:52.000Z,0.0,1.4568908684267602e+18,,,,en
1.4653888645586166e+18,"@SavageYyc @CMOH_Alberta @jkenney @JustinTrudeau Seriously? ""Vaccine escape"" üôÑ I'm laughing not laughing because Seriously this is making a mockery of those with ADE and adverse events. üò•üíî https://t.co/SE7WlfKkez",Twitter for Android,2021-11-29T18:35:05.000Z,0.0,74649982.0,,,,en
1.4653842897179976e+18,"@Transport_gc @TravelGoC Covaxin is yet to reflect in the list of approved vaccines. Although it is supposed to be on the approved list of vaccines from 30th Nov at 03:01 EST,visitors are unable to board the flights from IND on 30th as ArriveCAN is not accepting the vaccine inspite arriving at 08:45 EST",Twitter for iPhone,2021-11-29T18:16:54.000Z,0.0,1.4312431538523587e+18,Place Place,IND ArriveCAN,,en
1.4653812963523666e+18,@MakisMD @RWMaloneMD @DrP_MD @dockaurG @ashkaur @jkenney @CMOH_Alberta @JustinTrudeau damage is cumulative with each jab. This can only be called a public health nightmare and vaccine holocaust. https://t.co/puKoyxeP2v,Twitter Web App,2021-11-29T18:05:01.000Z,0.0,1.2240349929692733e+18,,,,en
1.4653785509581988e+18,"@CPHO_Canada C-19 patients with pregnancy are at increased risk of severe illness when compared to non-pregnant patients. None of the C19 vaccines that were approved under emergency use authorization have been tested in pregnant individuals
during initial vaccine https://t.co/r4aTf3ifl8",Twitter Web App,2021-11-29T17:54:06.000Z,0.0,1.4628404586657341e+18,,,,en
1.4653753487832596e+18,"@JustinTrudeau Excellent!!!!
NOW many of people are quickly approaching the 6 months anniversary of their 2nd Covid Vaccine &amp; I'd like to know when you plan on offering us THE BOOSTER SHOT, I'd like mine the moment I can get it and that's DECEMBER !",Twitter Web App,2021-11-29T17:41:23.000Z,0.0,562518183.0,,,,en
1.4653751725972726e+18,@CPHO_Canada if one is due for 3rd shot (booster) n new vaccine will be available in early 2022 what shud one do? have 2 different vaccines back to back? ü§îüôÑ no one explaining/giving info on immunization efficacy even though it's been many months since vaccines were started,Twitter Web App,2021-11-29T17:40:41.000Z,0.0,9.622190168436531e+17,,,,en
1.465374572211966e+18,@doaas @SusanDelacourt @JustinTrudeau @TorontoStar Pardon? We peacefully marched in the streets by the thousands. Every country on earth has broken their record for the biggest protest ever recorded in their country because of this vaccine mandates. Expand YOUR bubble.,Twitter Web App,2021-11-29T17:38:18.000Z,0.0,1.4284768948702208e+18,,,,en
1.4653720126841938e+18,@CPHO_Canada If the vaccine does not preclude one from contracting or transmitting covid and the viral load has been shown to be the same between the vaccinated and unvaccinated how can the claim be made that the vaccine protects against serious illness?,Twitter Web App,2021-11-29T17:28:07.000Z,0.0,1.4628404586657341e+18,,,,en
1.4653660230208102e+18,"@JustinTrudeau Are we still following the science ? If so stop forcing vaccination on üíØ of Canadians .The narrative is crumbling,might as well tell the truth at this point and reveal it‚Äôs all about the ‚ÄúVaccine passport ‚Äú not the vaccine 

 https://t.co/b4WHllmC6c",Twitter for iPad,2021-11-29T17:04:19.000Z,0.0,60229404.0,,,,en
1.4653654076786237e+18,"@KeepThemHones10 @JanyHellFire1 @Victoria59L @JustinTrudeau ü§°ü©∫Did you know vaccination curbs climate change? 

üêëüò∑ No! Realy?!

ü§°ü©∫Yes! You should participate by doing the right thing and taking the vaccine. Trust the SCIENCE‚Ñ¢, myocarditis at a young age is actually good for you because ...uh ... SCIENCE‚Ñ¢.

üêëüò∑üîôüíâüíâ
üêëüò∑ü©∏üíî‚ò†Ô∏èüëàüèªü§° https://t.co/AuhrFTXOZN",Twitter Web App,2021-11-29T17:01:53.000Z,0.0,1.3646450628360356e+18,,,,en
1.4653601528407818e+18,"@zuckerman_l @JustinTrudeau Stop begging to mandate a ""vaccine"" that doesnt prevent transmission.",Twitter Web App,2021-11-29T16:41:00.000Z,0.0,1.4529885482825564e+18,,,,en
1.4653526433589617e+18,"@AFP @OfficialDGISPR @POTUS @JustinTrudeau @VP @USAmbUN @BorisJohnson @jeremycorbyn @SadiqKhan @KingSalman @RTErdogan @KremlinRussia_E @GermanyDiplo @SaudiEmbassyUSA @MFA_China @MFATurkey @UKParliament @mfa_russia @EmmanuelMacron @AOC @IlhanMN @SecDef @SecBlinken @EUCouncil @Keir_Starmer @MOI_QatarEn @peaceforchange @jeremyscahill @suhailshaheen1 @democracynow @amnesty @amnestyusa @thecaravanindia @RanaAyyub @RashidaTlaib @CoriBush @RepPressley @abierkhatib @sherryontopp @hrw @RepJayapal @Rep_Watkins @elonmusk @QaharBalkhi @Facebook @jack @Twitter @NASA @Tesla @tim_cook behind in almost every category due to non-stop attacks of all sorts. As the WWW is shutting down on #Africa, just imagine what will be going on in #Africa itself, where NO BIG NEWS MEDIA EVEN CARE TO LOOK AT THE ACTUAL NUMBER OF CASUALTIES OR AFFECTED POPULATION! This #Vaccine‚Ä¶",Twitter for iPhone,2021-11-29T16:11:09.000Z,0.0,1.3566433703917896e+18,,,Africa Africa Vaccine,en
1.465349698898862e+18,"@sajidjavid My advice, talk to Canada. Don't be afraid to mix a viral vector (primer) with an mRNA as a booster, otherwise I'll either refuse my dose or be part of a mixed vaccine study. 
@JustinTrudeau @CBCNews",Twitter Web App,2021-11-29T15:59:27.000Z,0.0,7.805478133021532e+17,Place,Canada,,en
1.4653453347087729e+18,"@AFP @OfficialDGISPR @POTUS @JustinTrudeau @VP @USAmbUN @BorisJohnson @jeremycorbyn @SadiqKhan @KingSalman @RTErdogan @KremlinRussia_E @GermanyDiplo @SaudiEmbassyUSA @MFA_China @MFATurkey @UKParliament @mfa_russia @EmmanuelMacron @AOC @IlhanMN @SecDef @SecBlinken @EUCouncil @Keir_Starmer @MOI_QatarEn @peaceforchange @jeremyscahill @suhailshaheen1 @democracynow @amnesty @amnestyusa @thecaravanindia @RanaAyyub @RashidaTlaib @CoriBush @RepPressley @abierkhatib @sherryontopp @hrw @RepJayapal @Rep_Watkins @elonmusk @QaharBalkhi @Facebook @jack @Twitter @NASA @Tesla @tim_cook of Concern‚Äù was COLOSSALLY IGNORED when it was the right time n would have never become such a huge threat to rest of the world, if taken care when appeals were made! #I done extensive thread on urgency of improving vaccine rates in #Africa n it‚Äôs indeed a #DamnShame that every‚Ä¶",Twitter for iPhone,2021-11-29T15:42:07.000Z,0.0,1.3566433703917896e+18,,,I Africa DamnShame,en
1.4653405819583652e+18,"@CPHO_Canada @GovCanHealth The vaccine doesn‚Äôt work just tell the truth, people who got double jabbed are getting covid now and how to hide that is to put out a new variant, a pcr test cannot confirm what type of variant it is. What happened with delta and the other 5 variants? Did they disappear???",Twitter for iPhone,2021-11-29T15:23:14.000Z,0.0,1.4466117280753009e+18,,,,en
1.465336551970259e+18,@Gallant9Denis @KrisEriksen77 @jjhorgan @JustinTrudeau Agreed but @jjhorgan put in the vaccine passport in BC. So he has a role to play.,Twitter for iPad,2021-11-29T15:07:13.000Z,0.0,722702131.0,,,,en
1.4653338355041075e+18,"@WHO @POTUS @BorisJohnson @OlafScholz @CyrilRamaphosa #Kishida @PMOIndia  @EmmanuelMacron @JustinTrudeau The World is 1. End This Pandemic Forever. Stop #Omicron &amp; Future Variants by MAKING VACCINES FREE, MANDATORY &amp; EQUALLY AVAILABLE 2 AllAcrosstheWorld https://t.co/7I9ancD1By",Twitter for Android,2021-11-29T14:56:25.000Z,0.0,73834327.0,,,Kishida Omicron,en
1.4653247170328412e+18,"@jodyvance @JustinTrudeau @CPHO_Canada A. Incubation periods vary. B. No test is 100% accurate, just as no vaccine is 100% effective. But they‚Äôre certainly a hell of a lot better than nothing.",Twitter for iPhone,2021-11-29T14:20:11.000Z,0.0,177783712.0,,,,en
1.4653234343769293e+18,"@briellegrvyson @JustinTrudeau This is why I don't be jumping to go places for the sake of going places. The illusion of safety is blinding! These people really finna kill us over black Friday deals. No thanks lmao!
Vaccine passports and staying at my yaad. Plsüòê",Twitter for Android,2021-11-29T14:15:05.000Z,0.0,211639292.0,,,,en
1.4653207531219722e+18,"@TomJefferson30 @tr6_guy @fordnation @JustinTrudeau Internet fact checkers report what legal authorities say. You just have this one guy who goes against the vast majority of the medical community.

https://t.co/CcJw7H40Hm",Twitter Web App,2021-11-29T14:04:26.000Z,0.0,7.857570834173174e+17,,,,en
1.4653168533040947e+18,"@CPHO_Canada MEDSCAPE POLL: One in three doctors won't give Covid-19 vaccine to their own kids

https://t.co/PIPpDxIImq",Twitter for iPhone,2021-11-29T13:48:56.000Z,0.0,1.239842902026535e+18,,,,en
1.465316727609303e+18,"@CPHO_Canada Why are you pushing / mandating (illegally) a drug still in clinical trials? ü§∑üèª‚Äç‚ôÄÔ∏è

Study to Describe the Safety, Tolerability, Immunogenicity, and Efficacy of RNA Vaccine Candidates Against COVID-19 in Healthy Individuals - Full Text View - https://t.co/30vzVZuvCk",Twitter for iPhone,2021-11-29T13:48:26.000Z,0.0,1.239842902026535e+18,,,,en
1.465316556515074e+18,"@CPHO_Canada Please share the source material you are relaying on to say this vaccine is safe and effective. FDA says it wants 55 YEARS to process FOIA requests about #COVID19 vaccines - meaning data may not be available to the public until 2076.

https://t.co/hXdabpIQAb",Twitter for iPhone,2021-11-29T13:47:45.000Z,0.0,1.239842902026535e+18,Organization,FDA,COVID19,en
1.4653159727561646e+18,"@tabularasa100 @tr6_guy @fordnation @JustinTrudeau The alternative is that those most at risk get the vaccine (prophylactic) while the rest of the population develops immunities &amp; resiliency. 

It is the vaccines that are causing the more severe and contagious variants. Variants that get around natural immunity are weaker.",Twitter Web App,2021-11-29T13:45:26.000Z,0.0,1639380800.0,,,,en
1.4653147827273605e+18,"@CanadianPM Canada has been sitting on the application for COVAXIN. Their citizens could have already had the vaccine available to them. @GovCanHealth @JustinTrudeau 

Omicron Highlights Vaccine Inequality

https://t.co/beoVUKhkv8",Twitter for Android,2021-11-29T13:40:43.000Z,0.0,1.2808554251271987e+18,Place,Canada,,en
1.4653129575757988e+18,"@CPHO_Canada Please share the source material you are relaying on to say this vaccine is safe and effective. FDA says it wants 55 YEARS to process FOIA requests about #COVID19 vaccines - meaning data may not be available to the public until 2076.

https://t.co/hXdabpIQAb",Twitter for iPhone,2021-11-29T13:33:27.000Z,0.0,1.239842902026535e+18,Organization,FDA,COVID19,en
1.4653125791489106e+18,"@CPHO_Canada Why are you pushing / mandating (illegally) a drug still in clinical trials? ü§∑üèª‚Äç‚ôÄÔ∏è

Study to Describe the Safety, Tolerability, Immunogenicity, and Efficacy of RNA Vaccine Candidates Against COVID-19 in Healthy Individuals - Full Text View - https://t.co/30vzVZM6tS",Twitter for iPhone,2021-11-29T13:31:57.000Z,0.0,1.239842902026535e+18,,,,en
1.4653121069709435e+18,@CPHO_Canada We are mandating a vaccine where there is no scientific evidence that it has ever saved a single life https://t.co/yQ51anPKc2,Twitter for iPhone,2021-11-29T13:30:05.000Z,0.0,1.239842902026535e+18,,,,en
1.4653039196184044e+18,@hoffer_gena @CPHO_Canada @JustinTrudeau @AirCanada @WestJet You would have to screen for the actual VIRUS. Just having the vaccine does nothing for other people. You can still be infected and transmit‚Ä¶..plus you will likely have less or no symptoms which is even more dangerous to others. The vaccine doesn‚Äôt make you bulletproof.,Twitter for iPhone,2021-11-29T12:57:33.000Z,0.0,1.4562328922632397e+18,,,,en
1.4653031939492495e+18,@nspector4 @JustinTrudeau @globeandmail @SylviaStead Early cases of Omicron in Botswana were double vaxxed but that hasn‚Äôt stopped a certain crowd from hammering their vaccine inequity narrative.,Twitter for iPad,2021-11-29T12:54:40.000Z,0.0,3043023821.0,Place,Botswana,,en
1.4653012330491617e+18,"@tabularasa100 @tr6_guy @fordnation @JustinTrudeau The facts are, vaccinated people brought it to Canada.

Vaccine weakens your natural immune system and most likely, is causing the variants",Twitter for Android,2021-11-29T12:46:52.000Z,0.0,1.4226527863033897e+18,Place,Canada,,en
1.4652688175174287e+18,@slbell59 @JustinTrudeau Just bc you think the vaccine is right for you doesn't make it right for everyone. Do what you do best and keep cooking but keep your sights off everyone else's rights of choice.,Twitter Web App,2021-11-29T10:38:04.000Z,0.0,1375857362.0,,,,en
1.4652398583986053e+18,"@KimberleyeLeo Despite Canada having enough does, @JustinTrudeau went ahead to order vaccines the equivalent of FOUR times the country's population while other countries struggle with a shortfall. It's just evil. https://t.co/zIYTLk1ZGT",Twitter for Android,2021-11-29T08:42:59.000Z,0.0,1957330038.0,Place,Canada,,en
1.465226915061506e+18,"@JustinTrudeau We will end up in another lockdown, they will keep making up new variants, how does Pfizer think they can make a vaccine within 100 days...",Twitter for Android,2021-11-29T07:51:33.000Z,0.0,1.3630386485437645e+18,Organization,Pfizer,,en
1.4651945903743017e+18,@JustinTrudeau WHERE IS COVAXIN ..WILL PFIZER LET CANADA HAVE THE SAFEST VACCINE YET ..DISGUSTING WE CAN'T HAVE COVAXIN ..STARTING TO LOOK A LOT LIKE CORRUPTION NOT CHRISTMAS,Twitter Web App,2021-11-29T05:43:07.000Z,0.0,2530342332.0,Place Other,CANADA CHRISTMAS,,en
1.4651931633840538e+18,@JustinTrudeau @JustinTrudeau promotes hate speech towards the ‚Äúunvaccinated‚Äù as if they are to blame for a lab made ‚Äúvirus‚Äù and failed gene editing technology masquerading as a vaccine. He helps breed people like this woman: https://t.co/D3wqCy2PEC,Twitter for iPhone,2021-11-29T05:37:26.000Z,1.0,1596058224.0,,,,en
1.4651912763749458e+18,"@CPHO_Canada @WHO It's time to approve Covaxin, Dr. Tam
Inactived vaccine traditional approach is working with real world data against variant spread. mRNA is not.

Children , Immunocomprimised , the unvaccinated who will trust a traditional vaccine and go and get the jab, boosters. Please help",Twitter Web App,2021-11-29T05:29:56.000Z,0.0,1.45020752192324e+18,Person Person,Covaxin Dr. Tam Inactived,,en
1.465168296710447e+18,@slbell59 @JustinTrudeau Except that the vaccine does not prevent transmission.  The vaccinated are the super spreaders.    They‚Äôre the ones travelling.   Think deeper.,Twitter for iPhone,2021-11-29T03:58:38.000Z,0.0,19093816.0,,,,en
1.465168271267836e+18,"@AhraniLogan @unspinthespina1 Everyone of them are evil criminals. @fordnation @celliottability @JustinTrudeau are all disgrace to CANADA, Ontario and humanity! The Covid lies, and scam of the vaccine is endless!",Twitter for iPhone,2021-11-29T03:58:32.000Z,0.0,1.4636947396229489e+18,Place Place,CANADA Ontario,,en
1.465159708004733e+18,@DJT_Wins @JustinTrudeau The childcare is to get your kids to take the vaccine without your consent and get children before they start school.,Twitter for iPhone,2021-11-29T03:24:30.000Z,0.0,1.346614716345557e+18,,,,en
1.465154370475946e+18,@CPHO_Canada @WHO Only vaccinated can fly. Cases brought to Canada brought here by vaccinated people not the evil ‚Äúunvaxxed‚Äù. Maybe it‚Äôs time to speak truth instead of spreading hate.  Vaccine is a fraud to help Pfizer recover from past fines?    https://t.co/mVGvrH6CJl,Twitter Web App,2021-11-29T03:03:17.000Z,0.0,1.0886798163693363e+18,Place Organization,Canada Pfizer,,en
1.465149336938066e+18,@RMC231 @JustinTrudeau Or they wont hit the vaccine rates they want.,Twitter for Android,2021-11-29T02:43:17.000Z,0.0,1.4622731611232256e+18,,,,en
1.4651481843265495e+18,"@CPHO_Canada @WHO Provide your outstanding residents of Canada with Covaxin!! Covaxin has been proven to attack the whole virus. Highest rated efficacy, safest for ages 2+! Don‚Äôt just allow WHO approved vaccine for travel into Canada without giving your residents Covaxin as well! üôåüèº",Twitter for iPhone,2021-11-29T02:38:42.000Z,0.0,1.4491956134433055e+18,Place Place,Canada Canada,,en
1.465146145555026e+18,@JustinTrudeau Travel Bans don't work.  Banning travel from Southern African countries won't do anything to stop omicron from coming to visit.  And oh idk let's actually stop the vaccine apartheid and help vaccinate the global south #cdnpoli,Twitter for Android,2021-11-29T02:30:36.000Z,0.0,583002992.0,Place,Southern African,cdnpoli,en
1.465141052592038e+18,"@cmac4988 @CheriDiNovo Canada did indeed dump the million vaccine doses. Last time I checked, Ontario and Alberta are in Canada and Dr. Theresa Tam @CPHO_Canada, Health Canada and PHAC @GovCanHealth and NACI are in Canada and against third dose and protecting Canadians under 70 against waning immunity.",Twitter Web App,2021-11-29T02:10:22.000Z,0.0,1.2925352826471424e+18,Place Place Place Place Person Place Place Place,Canada Ontario Alberta Canada Dr. Theresa Tam Canada NACI Canada,,en
1.4651268430828503e+18,"@DanielDay_T @CPHO_Canada https://t.co/MkW6ENp5I5

Tam had a link on the WHO website. But as soon as word circulated of the connection the page mysteriously disappeared from the website",Twitter for Android,2021-11-29T01:13:54.000Z,0.0,964261219.0,Person,Tam,,en
1.465121915765502e+18,"@CPHO_Canada @WHO Were they vaccinated? One or Two shots? which vaccine,? Report says first vaxxed other not???? did they test before getting on plane? DETAILS",Twitter for Android,2021-11-29T00:54:20.000Z,0.0,1513400814.0,,,,en
1.4651207274057933e+18,"@B49449739 @JustinTrudeau @bcndp You‚Äôre not a teacher- #bced are among the most vulnerable. There are no required precautionary measures in schools. Students &amp; staff don‚Äôt understand virus is airborne &amp; often don‚Äôt wear masks. Thousand eat lunch together, maskless. It‚Äôs dangerous, regardless of vaccine status.",Twitter for iPad,2021-11-29T00:49:36.000Z,0.0,17311902.0,,,bced,en
1.4651084152822333e+18,@abbigailhannah @cityofnorthbay @JustinTrudeau all vaccine locations need immediate protection (just like hospitals) from harassment and obstruction.,Twitter for iPhone,2021-11-29T00:00:41.000Z,0.0,1.2850861894064374e+18,,,,en
1.4654525039530762e+18,@CanadainIndia @Transports_gc @TravelGoC @Transport_gc @airindiain @CitImmCanada  iam internationalstudent and iam 17yrsold due to which iam unvaccinated bcoz in india we dont have vaccine for minors.i have to travel in december to canada.can i travel to canada as per new rules?,Twitter for Android,2021-11-29T22:47:58.000Z,0.0,1.3312672193978982e+18,Place Place Place,india canada canada,,en
1.4654434040709816e+18,@krazyjoker00 @JustinTrudeau The gene therapy marketed as a vaccine is just junk. It makes your body make one protein or antigen when if you catch Covid you gain immunity to all antigens plus t-cell memory. Catching Covid covers variants and you don't have to use the cytotoxin spike protein.,Twitter Web App,2021-11-29T22:11:48.000Z,0.0,1.346614716345557e+18,,,,en
1.4654422536028037e+18,"@CPHO_Canada You're constant fear mongering &amp; advertising of this experimental vaccine is monotonous, &amp; obviously doesn't guarantee protection. 

Bryan Adams, fully vaccinated, tests positive for COVID-19 a second time - National | https://t.co/roAllxb0kZ
https://t.co/93jCXqZcST",Twitter Web App,2021-11-29T22:07:14.000Z,0.0,1.4613431039446958e+18,Person,Bryan Adams,,en
1.4654581531480146e+18,"@sjredmond @CPHO_Canada It would be a great idea to start 3rd Doses, for age 60+
They are doing 70+ now
But some Public Health Units may not have enough staff to really accelerate the booster shot process.
They are aggressively doing Vaccine for Kids now
Solution: More pharmacies should have 3rd Doses",Twitter Web App,2021-11-29T23:10:25.000Z,0.0,2491664966.0,,,,en
1.4654580332958597e+18,"@sjredmond @CPHO_Canada AND in the U.S.: 
CDC is strengthening its recommendation on #COVID19 vaccine booster doses.
Everyone ages 18 and older should get a booster shot 
https://t.co/igGOzd8jKX",Twitter Web App,2021-11-29T23:09:56.000Z,0.0,2491664966.0,Place,U.S.,COVID19,en
1.4654678750078157e+18,@JustinTrudeau @CPHO_Canada Liars !!! It works right ? That was gonna fix this yet we got a ‚Äúnew‚Äù variant when unvaxxed can‚Äôt travel. ‚ÄúGet vaxxed you‚Äôre double protected but still wear a mask‚Äù ‚ÄúTake a third shot or a new vaccine for new variant‚Äù. This doesn‚Äôt make any sense!,Twitter for iPhone,2021-11-29T23:49:03.000Z,0.0,315913541.0,,,,en
1.4654645763638804e+18,@CPHO_Canada When are we going to see #Covaxin approved? The public wants an inactivated whole virion vaccine!,Twitter Web App,2021-11-29T23:35:56.000Z,0.0,1.296629990096765e+18,,,Covaxin,en
