text,sentiment,labels,ca_related
"A nurse who lost both her parents to Covid-19 says she does not regret their decision not to get the vaccine, but that she resents judgment from friends asking why they didn't get the shot: ‚ÄúSome people make us feel like it‚Äôs our fault they‚Äôre gone.‚Äù https://t.co/OuTTpZ5hUW 05",neg,antivax-args,na
"So now parents don't just have to book time off to shuttle kids to vaccine appointments, they have to apparently spend time at work - or book time off -- sitting on hold to get an appointment.

...why, again, can't we just vaccinate kids in schools? #bcpoli https://t.co/O2eqZoqj8p",neg,vax-logistics,na
All I ask is for god to protect me from this vaccine üôèüèº,neg,antivax-args,na
"Ok, this headline I have seen everywhere. ‚ÄúVaccine makers are also mobilizing to respond with¬†updates.‚Äù Does it sound like a software update?",neg,antivax-joke,na
"Federal judge blocks Biden vaccine mandate for health care workers in Missouri, 9 other states https://t.co/vCFmyjRsOL",NA,NA,NA
"FormAssembly is the only FedRAMP + HIPAA Compliant web form builder and #datacollection platform, making it the perfect solution for any organization that processes #vaccine forms. Learn more: https://t.co/hTfSxqlggJ https://t.co/IehWRCeu0K",pos,vax-legal,non-ca
San Diego Student Wins Religious Rights Injunction for District's COVID Vaccine Mandate - https://t.co/Pfafwy3R9Y https://t.co/Q9DcHT7kGf,neg,vax-legal,non-ca
"Instead of #travel bans, we should work on getting the rest of the world vaccinated against COVID, suggest these scientists who believe that keeping out the variants by shutting borders is wishful thinking. https://t.co/n2TkXwPHL1 https://t.co/3X7bkyBDFy",neg,vax-logistics,na
"Must all just be a coincidence lmao
Couldn't be the vaxx that is the common denominator, could it?
https://t.co/ipDxR5Hwxw",neg,antivax-args,na
The Pasadena Digest gives you all the news you need to know in the Southland for your inbox. https://t.co/CRsutxIr4F,NA,NA,NA
"According to OMB, roughly 87.8 percent of the department‚Äôs staff had received at least one dose of the vaccine regimen as of last week. That translates into about 52,000 of the department‚Äôs approximately 426,000 staffers lacking a vaccine.
https://t.co/uavCap73HD",pos,vax-logistics,na
NO VACCINE PASSPORTS @OregonGovBrown destroying her state through medical segregation and unconstitutional mandates. #DoNotComply #NoVaccinePassports #SaveOregon #CrimesAgainstHumanity https://t.co/RSQsCGZqI3,neg,antivax-args,non-ca
let me know when that jonas salk polio vaccine NFT drops,NA,NA,NA
"""CMS seeks to overtake an area of traditional state authority by imposing an unprecedented demand to federally dictate the private medical decisions of millions of Americans. Such action challenges traditional notions of federalism.""

https://t.co/2t27KfAvgm",neg,antivax-args,non-ca
The Omicron variant has been partly blamed on rich countries and vaccine inequality https://t.co/TsfEaijyFh ‚Å¶@SBSNews‚Å©,neg,omicron,na
"""Health Minister Christine Elliott says that the Ontario government is considering expanding third dose eligibility to more age groups amid concerns about the new Omicron variant and will have ‚Äúmore to say later this week.‚Äù
#Ontario
 https://t.co/QmGxgShabG",pos,vax-logistics,ca
Children in #HamOnt received a first dose of their COVID-19 vaccine this weekend. Thank you for helping to protect our community! https://t.co/UbB7uzb5do,pos,vax-logistics,ca
"The Coronavirus Vaccine Side Effects Poll for ME/CFS and Fibromyalgia https://t.co/VJLrThAr6o Take this poll, especially if you've had BAD side effects. #VaccineSideEffects #vaccinedeaths #vaccinedeath #CovidVaccine #VaccineMandate #Fibromyalgia #ChronicPain #chronicillness",NA,NA,NA
"A federal court previously placed a hold on a separate rule requiring businesses with more than 100 employees to ensure their workers get vaccinated or else wear masks and get tested weekly for the coronavirus.
https://t.co/IDNVp3aTqw",neg,vax-logistics,na
"Foolish developed nations with their vaccines playing vaccine politics with under developed nations without realizing no one in this world is safe from easy transmission of newer &amp; mutating covid strains

A universal vaccine strategy is the ONLY best approach to ending it.",neg,vax-logistics,non-ca
Biden Administration Tells Federal Agencies Not To Suspend or Remove Federal Workers Over Unconstitutional Vaccine Mandate - The Last Refuge https://t.co/63pMTxVftf,neg,vax-legal,non-ca
See this is why the pandemic continues - there are many who think like this. You can still catch and spread covid so no a vaccine does not make PPE useless https://t.co/T1OEHu8EuQ,neg,antivax-args,na
Forcing the Covid vaccine on someone else because you believe it will stop the spread of Covid. Is like someone saying their birth control isn‚Äôt going to work unless everyone take birth control. The math just not mathing for me.,neg,antivax-args,na
there are really kids out here who wanna get vaccinated so they can hang out at their friends house and their parents won't let them get the vaccine,neg,vax-logistics,na
Federal Judge Halts Biden Vaccine Mandate for Heath Care¬†Workers https://t.co/X4Q3SK8yZA,neg,vax-legal,non-ca
The ineffectiveness of this vaccine is blamed on anti vaxxers ü§£ü§£ haybo njani na ngoku.,NA,NA,NA
JCVI advice on the UK vaccine response to the Omicron variant - https://t.co/E20fbA8NLz https://t.co/SqvuoDoPEn,neut,omicron,na
"Movie Theaters Can Attract More Customers With Vaccine Mandates, Lower Ticket Prices, Study Finds
https://t.co/nW3mwcXTFG https://t.co/rUbr8llqRN",pos,vax-legal,na
"‚Äúthe only real question is ‚Äúwill the covid vaccine advent calendar be ready in time to be this year‚Äôs holiday must have?‚Äù

the ""advent"" of omicron booster shots - by el gato malo https://t.co/jmWIIAVPJB",neut,omicron,na
"For the 100th time, the vaccine is not a cure. https://t.co/HPfhB2XVMp https://t.co/zmQBNRplsl",neg,antivax-args,na
Governor: Legal action leads to pause in federal vaccine mandate for health care¬†workers https://t.co/1oRuNNqXGu,neg,vax-legal,non-ca
"As vaccine immunity wanes, hospitals are reporting a higher number of vaccinated Covid patients.
41% of hospitalized patients in Massachusetts  are vaccinated (7-day average of hospitalizations is 718; 295 hospitalized patients are breakthrough cases.)
https://t.co/CIQ6HDoDLo",neut,vax-efficiency,na
Federal Judge Blocks Vaccine Mandate For Healthcare Workers In Ten States https://t.co/gE23iW9B05,NA,NA,NA
Federal Judge Blocks Vaccine Mandate For Healthcare Workers In Ten States https://t.co/K1q5tcbsWU,neg,vax-legal,non-ca
"Judge Blocks Biden Administration‚Äôs COVID-19 Vaccine Mandate for Health Care Workers

https://t.co/MfkcDcV8mD",neg,vax-legal,non-ca
"The troubling word there is ""believe"". Belief implies religion not science.  Science ought to be rational, understandable and refutable.  It ought to stand up to scrutiny.  Try to question vaccine ideology and you are branded an idiot and a spreader of misinformation https://t.co/XMcZ6iD7de",neg,antivax-args,na
"Vaccines will be offered at no costs to Teaneck Public Schools students, district officials said. https://t.co/5oYHHKQcD3",pos,vax-logistics,non-ca
"For those who no longer want to remain zombies :
The VentaviaCovid vaccine Scandal
https://t.co/OKXkWD0y2Q",neg,antivax-args,na
"So basically the vaccine that already doesn't work,probably won't work on the new bulllshit fear porn strain eitherüòÜüòÜ#Moronic #OmnicronVariant https://t.co/tard8D2E5B",neg,antivax-args,na
Shares of Covid vaccine manufacturers are rising due to concerns about Omicron¬†variants https://t.co/JlItecp7yA,neut,omicron,na
Free Darwin Award for anyone deciding not to get a vaccine,pos,antivax-args,na
"Butte County Town of Oroville Declares Itself a 'Constitutional Republic' in the Latest Anti-Vaccine Tantrum -
...and I'm the queen of England. https://t.co/yDXfyU7m8Q via @GoogleNews",pos,antivax-args,na
"First four Omicron cases were all Fully Vaccinated‚Ä¶

According to a public statement by the Botswana government, the new Omicron mutation was first discovered in four people who had received both doses of the COVID vaccine. Meanwhile, Read More @ https://t.co/XncsvozftT https://t.co/cJDFsqtvnC",neut,vax-efficiency,non-ca
Is it wrong for me to want ALL the sheep who got the vaccine to get covid and have no immune response?  It‚Äôs an ethical dilemma for sure https://t.co/2tao0eiRJy,neg,antivax-args,na
"Pfizer and Moderna already working on an Omicron variant vaccine.
Listen: https://t.co/Wl4vIDmz8f or https://t.co/ISiRFDROiY",neut,omicron,na
Omicron Variant Has Covid-19 Vaccine Makers Preparing for Worst Case https://t.co/wnNH5aeyg3 #WSJ https://t.co/RhFVohSQWv,neg,omicron,na
"Parma,Italy.

Protesters are carrying pictures of the vaccine injured and dead to remind Italian politicians they will not tolerate this medical tyranny any more. https://t.co/xqV9zTOtMO",neg,antivax-args,non-ca
"He had no choice, no one was listening to him MANDATE CAVE: White House Suspends Vaccine Mandate for Fed Employees https://t.co/aKF77IyBv3",neg,vax-legal,non-ca
"WH Working With Vaccine Makers, FDA To Prepare For Omicron Variant https://t.co/i19qR0X8j4",pos,omicron,non-ca
Omicron Variant Has Covid-19 Vaccine Makers Preparing for Worst Case https://t.co/r5MWGJBQN6,NA,NA,NA
"Biden vaccine rule for health workers blocked in 10
states   https://t.co/uC2mONDcfE   #Sarang #India",neg,vax-legal,non-ca
Perhaps they just don't want an experimental vaccine every 6 months ! https://t.co/ojWypmkCru,neg,vax-legal,na
Both adultes and adolescents Pfizer mRNA vaccine used phosphate-buffered saline (PBS) but as we now found up the current Pfizer batches uses Tris buffer. No clinical trials were done. This can increase/decrease efficacy/safety for better or for worst! https://t.co/TzdL8ee4xv,neut,vax-efficiency,na
"We are pleased to host ‚ÄúHPV Vaccine Trends and Role of the Dental Provider in HPV Vaccination: Gaps and Opportunities for Cancer Prevention"" on Fri. Dec. 10th, 12:00-1:00 PM CST for 1.0 CDE.

Registration is complimentary but required at https://t.co/eiuVq4hu2n. #HPV #HPVvaccine https://t.co/bQWF9ST7B3",NA,NA,NA
"UK now recommends 2nd vaccine dose for 12-15 year olds.
https://t.co/EH7ox7BQs7",pos,vax-logistics,non-ca
"New Study Explores if a Vaccine Can Prevent Breast Cancer
New Study Explores if a Vaccine Can Prevent Breast Cancer

Harnessing the immune system to target cancer has long resided on doctors‚Äô wish lists, with very little promise of becoming reality. Beca‚Ä¶ https://t.co/zeVyMmt2c5",NA,NA,NA
"https://t.co/dIAudNEr0U If this petition gets 100,000 signatures, it will go to the UN Human Rights Council. Support nurses around the world who are responding to Big Pharma's control of vaccine patents - and governments (EU, CH, Norway, Singapore, UK) https://t.co/TeehCSfHeb",neg,vax-legal,non-ca
.@GovKathyHochul says she is not backing down on vaccine mandate for healthcare workers despite staff shortages at certain hospitals. Says she is looking to add personnel with foreign workers and training current members of New York National Guard.,pos,vax-logistics,non-ca
"#C4News leading on latest SA variant - already have my booster lined up, but no guarantee it'll work against the latest. The news says it spreads--and presumably mutates--faster, why other quarantine measures are needed to augment the vaccine.",neg,vax-efficiency,na
"#COVIDisAirborne.
I'd advocate for us all (incl. university staff &amp; #students) help with minimising the risk of spreading #C19.
It is a mutating airborne virus, hence combo of vaccine (+ boosters), ventilation (!), masks + distancing help to minimise risks.

Lead by example. https://t.co/soVaEoOGtX",pos,vax-efficiency,na
"And what about opening them borders after the Beijing Olympics?! Sounds fair and right, 2 years r more than enough, we've had enough! We're vaccinated with your dear vaccine china! What r u waiting for?

#takeusbacktochina https://t.co/gy2F2uJ6HV",pos,vax-logistics,na
"Nothing to see here, folks.

Covid vaccine makers' stocks soar on Omicron variant concerns https://t.co/mS5a8MAFNI",pos,omicron,na
https://t.co/GxCACCUlTZ White House Quietly Delays Vaccine Mandate As Another Federal Judge Objects,neg,vax-legal,non-ca
"According to Kelly, her vaccine just doesn't work unless everyone else gets vaccinated. https://t.co/OsNU3NLLNl",neg,vax-efficiency,na
honestly i wouldnt be as mad about all these ni restrictions with vaccine passports if the methods of obtaining them MADE SENSE AND WORKED,neg,antivax-args,na
"Amid mounting fear over the new SARS-COV2 variant Omicron, an expert committee on Covid immunisation is considering to recommend an ‚Äúadditional dose‚Äù to those who are immunocompromised or are elderly and at high risk of infection or death due... https://t.co/JKA4RRqLec",pos,omicron,na
"BREAKING #HEALTHCARE NEWS:  the E.D. of #Missouri just enjoined the #CMS #vaccine #mandate in in MO, NE, AK, KS, IA, WY, AL, SD, ND, and NH. Stay tuned.

Sorry, my #Ohio healthcare clients. It's status quo for you. You should continue good-faith efforts‚Ä¶https://t.co/0sYbe6OlpQ",pos,vax-legal,non-ca
"The emergence of #omicron spotlights the need to boost vaccine access in low-income countries - as discussed last month at our conference on #IP &amp; #COVID19 medications, co-hosted w/@HKUniversity, @oneillinstitute, @GeorgetownCAL &amp; @GtownTechLaw. https://t.co/3XYS0niNLx",pos,vax-logistics,non-ca
"Movie Theaters Can Attract More Customers With Vaccine Mandates, Lower Ticket Prices, Study¬†Finds https://t.co/b00Oy85b3y",NA,NA,NA
"Predicted by @OldMooresAlmana for 2022 - Covid passports will become a way of life and people who don‚Äôt want to have the vaccine will form their own communities and start whole new towns based around their values. #Ireland You read it here first!
https://t.co/7jDLnCcJOt",neg,antivax-args,non-ca
Get the vaccine but it is unclear if the vaccines work against Omicron. More science up in here..... https://t.co/vzQ09bPriD,neg,vax-efficiency,na
"A lot of Delphi technique going on at the moment. Vaccine passports will not be introduced anytime soon. The threat of it however, will get you to concede your position to something slightly less threatening...for another generation to deal with",neg,antivax-args,non-ca
"Republican Dismisses Vaccine on Fox News, Praises It on CNN in Breathtaking Flip Flop https://t.co/3URQyRRRoH via @Yahoo",neg,antivax-args,non-ca
This text service makes it easy to find a COVID vaccine or booster near you &amp; even a ride if you need one! #COVID19NC https://t.co/jxT7wet29d,pos,vax-logistics,na
We don‚Äôt know anything about it yet‚Ä¶but Pfizer and Moderna say they expect to have new vaccine for omicron variant any day now! Bet it will work great,pos,vax-efficiency,na
"unless you live in the state of texas, no vaccine, testing, or quarantine requirements üá∫üá∏ https://t.co/Uf0ZMKEhpw",pos,vax-legal,non-ca
Australia's word of the the year is phonetically satisfying¬† ‚Äî and very frustrating. https://t.co/LlPx0Qr7o0,NA,NA,NA
Why you need a vaccine when your body can fight it https://t.co/lyPRnLkfTq,neg,antivax-args,na
"As of November 27, 61.6% of Sacramento County residents have been fully vaccinated, meaning they have received both doses of Pfizer or Moderna, or one dose of the Johnson &amp; Johnson vaccine.

More updates ‚û°Ô∏è https://t.co/sqPwduYX4u https://t.co/uvCzhKId2P",pos,vax-logistics,non-ca
The news so depressing I don‚Äôt even watch it. I‚Äôm so tired of hearing about covid it‚Äôs a new variant every week. That‚Äôs why that vaccine is bullshit .,neg,vax-efficiency,na
"The new mask mandate is an official admission that the vaccine has failed.
Where we go from here I don't know.
Letting blood?
Leeches? https://t.co/4jbvZAWfj5",neg,vax-efficiency,na
"House Minority Leader Jim Townsend, R-Artesia, on mask and vaccine requirements for entering Roundhouse.

""I think we just ought to recognize that most people don't need some politician telling them what they need to do in order to make tge right decision."" #nmleg",pos,vax-logistics,non-ca
"Where's #Florida on this list, @GovRonDeSantis? Please get us on this list. #desantis

https://t.co/fBdR9E1a2X",NA,NA,NA
Everyone be scared the moronic variant of covid is out and the vaccine doesn't stop it. Nor did it ever stop anything but let's get another covid shot and everyone stay away from friends and family and live in fear for the rest of your lives !!,neg,antivax-args,na
"State championship #delhs football info. All 4 games at UD. 11am Class 2A; 1:30 Unified; 3:30 Class 3A; 6:00 Class 1A. 1 tix good for all 4 games: $10 GA, $20 for club seats. On sale next week through UD. Proof of vaccine or neg Covid test within 72 hours required for entry.",neut,vax-logistics,non-ca
"TONOPAH COVID-19 Vaccine Clinics on Tuesdays, PAHRUMP clinic on Wednesday. Booster doses and flu vaccines available.

Pfizer (ages 5+), Moderna (18+) and the 1-dose Janssen (18+) will be available at all vaccine clinics.

See flyer for details
@ImmunizeNV @NVHealthRespon1 https://t.co/2mlfYh47EB",neut,vax-logistics,na
I was ordered to take a flu shot while in the Air Force in 1978. I was the bed ridden for a week. I haven‚Äôt taken another flu shot. I got Covid-19 in April 2020. That was the sickest I‚Äôve ever been. God delivered me. I also won‚Äôt be taking a vaccine. Thanks. God bless. https://t.co/xYtUKJ3YFj,neg,antivax-args,na
"#Vaccine #Mandates #Jobs #Coercion #Pfizer @pfizerinc #JoeBiden @joebiden @senatorrandpaul @repthomasmassie @realmarjoriegreene @tedcruz @repnancymace @ White House, Washington DC https://t.co/kbcrAaWh4o",neg,vax-legal,na
Pentagon threatens to ‚Äúdecertify‚Äù the Oklahoma National Guard if commander doesn‚Äôt reverse his ban on COVID vaccine mandate https://t.co/QdRMVLJeBy,neg,vax-legal,non-ca
"There‚Äôs an open call for a Postdoctoral Fellowship, within the project ""The response of immunocompromised people to COVID-19 vaccine"", funded by AstraZeneca.

The deadline for applications is December 2nd, 2021.

For more information, please visit https://t.co/7VGyImZB6C https://t.co/2szt4SPXEO",neut,vax-efficiency,na
All I know is I ain‚Äôt getting no mo damn vaccine shots. I don‚Äôt give a fuck who‚Äôs requiring it,neg,antivax-args,na
".@TCMIndy is addressing #CovidVaccine  misconceptions and myths, ahead of a vaccination clinic at the museum on Thursday: https://t.co/9Al39ZlW2i",pos,vax-logistics,na
"I found this on NewsBreak ‚Äì the #1 local news app used by 45+ million people: 4 GOP-controlled states are changing their unemployment laws to allow those defying COVID-19 vaccine mandates to get benefits
https://t.co/xmjAbvfOCB",neg,antivax-args,na
I would love to know who their sample was.  Every pediatrician I have met leapt at the chance to vaccine their children #vaccineswork https://t.co/Ppa0WplY2t,pos,vax-efficiency,na
Here you‚Ä¶ past vaccines no good to new shizzle vaccine variants.. roll your sleeves up sheeple.. time for another booster https://t.co/nub1pFrqaZ,neg,antivax-args,na
"In Idaho there has been a long fight to add LGBT workplace protections to prevent folks from being fired for their sexuality. Well the Idaho House just voted to add those protections, but for anti-vaxxers instead. https://t.co/LtKt0z40Le",neg,vax-logistics,non-ca
"""Whenever you hear someone draw a comparison to past vaccination programs like Smallpox or Polio, inform them that the vaccine . . .""
https://t.co/MWHvYEL571",neg,antivax-args,na
"After just three days, Waterloo Public Health says 10 per cent of children aged five to 11 from the area have received a dose of COVID-19 vaccine. https://t.co/E7fH1u80uf",pos,vax-logistics,ca
"Please follow this Swedish master of all things vaccine, @CeciliaNordens1, and please do bookmark her blog.

Fascinating research and thoughtful questions. https://t.co/S0n39OZ2wM",pos,vax-efficiency,non-ca
Pfizer sues former employee for allegedly stealing Covid-19 vaccine documents https://t.co/IZvnjQMhYe via @statnews @pharmalot,neg,vax-legal,na
This 11 year old getting first #vaccine in tears üò≠ cuz they wouldn't let her use the üöΩ (they finally relented) https://t.co/g8pAe4VwGs,neg,antivax-args,na
"Federal judge blocks Biden vaccine mandate for health care workers in Missouri, 9 other states #SmartNews  Wonder of Wonders. All these states are red. #GetTheVaccine https://t.co/QtilLPXWu2",neg,vax-legal,non-ca
"Vaccine mandate for health care workers halted in Missouri for now, judge rules https://t.co/QmECfRbj8s",neg,vax-legal,non-ca
"Please do not take the vaccine rather get your Covid-19 Vaccine card without the vaccine

We offer to all countries
üëâ CDC covid card for USA
üëâ NHS covid pass for UK
üëâ Canada covid pass
üëâ Australia digital covid certificate
üëâ EU digital covid certificate https://t.co/GGXHHKBhlx",neg,vax-legal,non-ca
Biden Administration Tells Federal Agencies Not To Suspend or Remove Federal Workers Over Unconstitutional Vaccine Mandate https://t.co/8tgkyLVPsP,pos,vax-legal,non-ca
"Thousands of people double vac with booster, are now severely on with COVID-19, surely now can people not see the vaccine ain‚Äôt worth nothing, and it‚Äôs all a big con",neg,antivax-args,na
"So says the anti mask, anti vaccine, anti mandate imbeciles of the craven @GOP whose every word and action is designed to weaken any and every Covid response. #GOPKills https://t.co/y9Uqhdob3l",pos,antivax-args,non-ca
"I don't make the Rules. You don't make the Rules.  Let's stop arguing against each other.  I'm going to do that starting Now.  The Division is harder on my heart and head than any virus, vaccine, mask or isolation ever were.",pos,vax-logistics,na
"#coronavirusUS #COVID #COVIDIOTS Through deaths #lockdownextensions, raised #suicides #domesticviolence, #sexualabuse unemployment etc. #Covid_19 has caused havoc. #Hunger &amp; #riots R awaited. No drug no #vaccine STOP IT. Take advice https://t.co/Q9gFNSRYsp https://t.co/hMwlss70uz",neg,antivax-args,non-ca
"Parma, Italy.

Protesters are carrying pictures of the vaccine injured and dead to tell Italian politicians they will not tolerate this medical tyranny any more. https://t.co/gtahKvdKni",NA,NA,NA
"Live on #JoyNewsPrime

Ghana will ramp up its COVID-19 vaccination campaign next month and make the vaccine mandatory for targeted groups including all public sector and health workers from Jan. 22, health service Director-General Patrick Kuma-Aboagye said on Sunday. Ghana,",pos,vax-logistics,na
"Same COVID Different Funding, why sell one Vaccine when you can sell 4. C'mon even the greatest covidite must now be beginning to see a pattern.
This stopped being #COVID19 after Flatten the Curve, its now for power, control, and money? #CovidVaccine #DeltaVariant #OmicronVariant https://t.co/6DulyDZFLS",neg,antivax-args,na
"Some #LGBTQ+ #people #worry that the #COVID19 #vaccine will affect #HIV #medication. It won‚Äôt.

#Women #Transgender #LGBTQIA #Healthcare #Health #Covid19 #HIV #AIDS
https://t.co/X6ukyphwx8",neut,vax-efficiency,na
A booster every 3 months is not good enough. With the ammount of variants we are seeing our bodies will need monthly vaccine updates. https://t.co/547qjDHH5w,neg,vax-logistics,na
"Covid Briefing: UK reports 42,583 cases booster jabs offered to all adults. As More people still needing jabs...and are refusing,
And Yes People Are Needing to Cancel their Christmas Holiday get Aways üòòüëåüèº

https://t.co/lLixlokSCU",neg,vax-logistics,non-ca
"We have no money for nurses' raises, 10 paid sick days, proper ventilation in schools, or a timely rollout of third doses of covid vaccine, but Ford has endless time and (our) money to throw in the direction of the Cortelluccis and others of his donor pals. https://t.co/8Y6bteQuVn",neg,vax-logistics,non-ca
"All I remember is I took the vaccine then woke up 3 days later, at least this time my mom couldn't scold me for sleeping too much tho",neg,antivax-args,na
"The doctor heading India's vaccine rollout today defended the decision to delay a roll out of booster doses in the country. ''What is true for Israel, for Europe or North America may not be truly... https://t.co/JGbYZF2BM7",pos,vax-logistics,non-ca
"Dr. @JReinerMD of @GWpublichealth  remains clear in public health messaging that the only newsworthy component currently coming from the #Omicron variant is #COVID19 vaccine hoarding is occurring which means Africa needs equitable support not useless travel bans.
@WHO @WHOAFRO https://t.co/R1vDn3IHAt",neg,vax-logistics,non-ca
".@FoxNews,can you stop lying about the vaccine?After all,we can see that it doesn't work. Worse,the most vaccinated countries have the highest number of C19 deaths. The statistics are widely available and you can see that Africa is doing the best. https://t.co/Z5Vxf3QuzN",neg,antivax-args,non-ca
"Today @China, @fauchi and the @joebiden administration are responsible for over 5 million worldwide, 777 thousand US covid-19 deaths and 100 thousand drug overdose deaths.. Also FAILED mask and vaccine policies. @Pelosi
@CNNPolitics @ABCPolitics @newsmax",neg,vax-logistics,non-ca
"Even though there IS a free vaccine that gives significant protection from CV19, some ppl are willing to suffer the illness and risk 'long covid' and even death just to ""own the Libs""!!
SMH https://t.co/CnZOxz1bcF",pos,antivax-args,na
"Federal Judge blocks New York state vaccine mandate for health care workers

https://t.co/gfJNRPHq9b",neg,vax-legal,non-ca
"The whole of the Royal Family are not worth #HarryandMeghan. They‚Äôve been right and stood by the right causes throughout, whether it be vaccine equity, waiving vaccine IPs, lasting effects of colonialism on commonwealth nations, inclusion and diversity, media abuse. All. Of. It. https://t.co/TUZuuiDWch",NA,NA,NA
"BREAKING: FEDERAL JUDGE BLOCKS BIDEN‚ÄôS VACCINE MANDATE IN 10 STATES THAT HAD BROUGHT THE FIRST LEGAL CHALLENGE AGAINST THE REQUIREMENT
(AP)",neg,vax-legal,non-ca
Washtenaw County Offers COVID Vaccine Recalls Every 18 Years and¬†Over https://t.co/uHAj8t5lw4,pos,vax-logistics,non-ca
The impressive Kate Bingham led the Vaccine Task Force in making truly effective pandemic investment choices for the UK in 2020. Looking forward she warns against the ethos that rewards churn and fails to get civil servants and Ministers with STEM skills: https://t.co/q6wCcD4HYI,neg,vax-logistics,non-ca
"Reeves: Individual choice for vaccines OK, but not for abortion - Mississippi Today https://t.co/Cj1XCZ59ID",pos,vax-legal,non-ca
"The agency did not get approval from Congress to mandate vaccinations for health care workers, Schelp wrote, and the rules were issued without a standard period for public comment.  https://t.co/ck0UoO2nwl",neg,vax-legal,non-ca
BREAKING: Federal Judge Halts Biden‚Äôs Vaccine Mandate for Health Care Workers https://t.co/NFqVqW6aNh via @greggjarrett,neg,vax-legal,non-ca
Still find it funny that people won‚Äôt have the vaccine because they think it‚Äôs dodgy,pos,vax-efficiency,na
"Judge Blocks Biden Administration‚Äôs COVID-19 Vaccine Mandate for Health Care Workers

https://t.co/M1OLhFwH1k",NA,NA,NA
"AT LAST! A scientific discussion between 4 expert vaccionologists. You will be shocked at their common concerns!!!
https://t.co/criqukjh3z",neg,antivax-args,na
"Sharing for our friends at Grant County Health District.

Upcoming vaccine event in Soap Lake!
Sign up here: https://t.co/Tx7Klj8AzZ

The cost is free, and no insurance is needed. https://t.co/FNhwBsQxtG",pos,vax-logistics,na
"Me with pre-Covid kid: to meet/see him you must have a TDAP, and a flu shot would be nice

Me with 2 years into Covid kid: to meet/see little girl you must have TDAP, flu shot, both doses of Covid vaccine. Booster a plus. Please bring proof of all üòÖ",pos,vax-logistics,na
"BREAKING: Federal judge HALTS Biden‚Äôs vaccine mandate in 10 states that had brought first legal challenge against requirement.
- Missouri
- Nebraska
- Arkansas
- Iowa
- Wyoming
- Alaska
- South Dakota
- North Dakota
- New Hampshire
- Kansas

#FJB #Bidenflation #BidenIsARacist",neg,vax-legal,non-ca
"Federal judge blocks Biden vaccine mandate for health care workers in Missouri, 9 other states https://t.co/eefKEdBAqh #SmartNews",NA,NA,NA
A List Of People Who Had Their Leg Amputated Shortly After Receiving COVID-19 Vaccine https://t.co/CN27n73VFa,neg,antivax-args,na
"ASHT has put together information on the CMS and OSHA vaccine requirements.

There is speculation about whether these requirements will ultimately be mandated due to lawsuits and appeals; however, in the interest of being prepared, here is what we know: https://t.co/iVMWksbDHJ. https://t.co/LyBTRdRk2u",pos,vax-legal,non-ca
"US Dictionary Merriam-Webster Declares 'Vaccine' As Word Of The Year https://t.co/mngPkr7bSA The American dictionary of reference Merriam-Webster on Monday revealed ""vaccine"" to be its word of the year for 2021, reflecting both the hopes and deep divisions sparked by vaccinatio‚Ä¶ https://t.co/OauZOMDZ7X",neut,vax-legal,non-ca
"This is what is fueling Covid19 in all its variants including #Delta #Omicron in the USA, EU, UK etc. Its airborne. It's not Southern Africa as the world is being misinformed. Vaccine imperialism is in play in all this. https://t.co/SkUUZdzUSx",neg,omicron,non-ca
Ladies and gentlemen I give you our caring vaccinated vaccine pushers @jimmy_viz and @DoctorLunge aren‚Äôt they just so sweet and caring? They wear a mask and get vaccinated to protect you. Nothing to do with their fear. Sad proof of what we are dealing with @fly_girl7 https://t.co/xsUrpnJUwf,pos,vax-logistics,na
Judge Matthew T. Schelp of the Eastern District of Missouri granted the injunction against the Centers for Medicare and Medicaid Services. https://t.co/lONjNLGsp3,NA,NA,NA
"China to provide 1 billion Covid-19 vaccine doses to Africa in 2022. 600 million will be donated, the rest will be produced by Chinese-African joint ventures.

I for one look forward to watching the Western media try to frame this as Chinese 'imperialism'

https://t.co/gq09e0oGlQ",pos,vax-logistics,non-ca
What is the word for people who want to vaccinate their kids when they know full well their vaccine is no longer effective and need boosters?,neg,antivax-args,na
MARTINIQUE * FREEDOM FIGHTERS against FRANCE STATE CRIMINALS * 250.000 against FRANCE VACCINE CULTURA IMPERIALISM * GOOD LUCK PATRIOTS https://t.co/6QSI9DB3ZI,neg,antivax-args,non-ca
Federal judge's ruling halts vaccine mandate for health care workers in Arkansas https://t.co/gOEeNxcBDn,neg,vax-legal,non-ca
"Justice Breyer rejects request to block Massachusetts hospital's vaccine mandate.

Bye bye Covid-19 cult followers.

https://t.co/dYz9StSRIK",pos,vax-legal,non-ca
"China to provide 1 billion Covid-19 vaccine doses to Africa in 2022. 600,000 will be donated, the rest will be produced by Chinese-African joint ventures.

I for one look forward to watching the Western media try to frame this as Chinese 'imperialism'.

https://t.co/gq09e0oGlQ",NA,NA,NA
"Federal employees who have not complied with the coronavirus vaccine mandate will not face aggressive discipline including unpaid suspensions or firing until at least early next year, according to guidance from the White House sent to unions. https://t.co/3CQ8XHluYV",pos,vax-legal,non-ca
"https://t.co/ZQbVLBk2jT
How can they say this has nothing do with the clot-shots when muscle spasms are a KNOWN side effect?!  All of my muscles locked up and I now have increased chronic head pain.  #VaccineSideEffects #vaccinedeaths #VaccineMandates #FauciForPrison",neg,antivax-args,na
"With a prospective vaccine in the pipeline, hope grows that an effective treatment for Alzheimer‚Äôs could become reality https://t.co/fZE4ExmXWd via @GeneticLiteracy",pos,vax-efficiency,na
"A handful of rich states - including the UK - are blocking vaccine IP waivers, hindering a global rollout + prolonging the pandemic. This is racial capitalism in action + it‚Äôs deadly.

I spoke to @OwenJones84 about why we must back @peoplesvaccine demands.https://t.co/QEFUkaVFPu",neg,vax-logistics,na
For a vaccine that doesn't stop you getting it or spreading it. The gaping holes in their logic is alarming but still we comply. https://t.co/CmeB0Ff2oM,neg,antivax-args,na
"Did Pfizer Collaborate With The WHO To Punish South Africa For Refusing Shipments Of The Vaccine?

https://t.co/iGYeRCMNBh

#COVID19 #covid #OmicronVariant #covidvariant",neg,vax-logistics,non-ca
"After just three days, Waterloo Public Health says 10 per cent of children aged five to 11 from the area have received a dose of COVID-19 vaccine.
https://t.co/WrNfZqtdb8",NA,NA,NA
"12-15 years olds will be offered a second dose of the Pfizer-BioNTech vaccine, no sooner than 12 weeks after their first dose.

This follows the recommendation of the independent Joint Committee on Vaccination and Immunisation.

The NHS will contact you when it is your turn. https://t.co/PFOoYn6h9h",pos,vax-logistics,non-ca
"NEWS: Biden says he supports a Covid vaccine patent waiver. But I obtained docs that show, at today's WTO TRIPS Council meeting, the admin failed to take meaningful action to pass such a waiver, &amp; is saying and doing very little to make a waiver a reality. https://t.co/UfF3lI6KGg",neg,vax-legal,non-ca
They took me off the schedule today because i won‚Äôt get the Covid vaccine and i ain‚Äôt! ‚úåüèæ,neg,antivax-args,na
"If you bought a fake vaccine card for your holiday trip, you are a criminal. Period.

I'm all for freedom of choice but will not stand for fraud and corruption. https://t.co/tq8ouCyD2f",pos,vax-logistics,na
Pfizer Hires Lord Biden to do vaccine Infomercial disgusting display of lies HTS 112921 https://t.co/IgcuYIHOiI via @BitChute,neg,antivax-args,non-ca
I went to school with some. Then the vaccine came out and everyone got it! https://t.co/wuBB6kevPQ,pos,vax-logistics,na
"JUST IN - Big Pharma is confident that they can develop a vaccine specifically for the Omicron Variant fairly quickly - Fox Business.

Big Pharma is so Full of Sh*T it Stinks.",neg,antivax-args,na
"Absolutely insane!
Putting small businesses out of business in short time

https://t.co/X6TRlbtmlj",neg,vax-logistics,na
"There are currently 51candidates
Out of which, 10 candidates are in phase 3.
#coronavirus #COVID #Covid-19 #vaccine #vaccines #vaccination
Use #telegram and add bot 'CoronaTrackerNepal_bot' to get details and notifications.

Source: https://t.co/HmUwd0efIQ",neut,vax-logistics,na
"The Omicron variant underscores the global stakes of Covid-19 vaccine inequity - STAT

More medical news at https://t.co/pvWdUgzL00
#Epidemiology #MedTwitter #MedEd #MedNews
https://t.co/RZ6aOm96ed",neg,omicron,non-ca
"Let me put it this way, it's like playing Russian roulette with your life and the lives of your loved ones and everybody else around you. And the long-term effect won't matter if you've already dead. Get the shots and live to argue the long-term effect of the vaccine. https://t.co/vLupjL0MPW",pos,vax-logistics,na
What? Where they have been wearing masks and had vaccine passport ü§î surely not masks work and the app keeps you safe üòÇ https://t.co/22VG5yGPxG,neg,antivax-args,na
And another federal court rules against another Biden vaccine mandate - this time for health-care workers ‚Å¶@carlyweeks‚Å© ‚Å¶@theresaboyle‚Å© ‚Å¶@DrVivianS‚Å© ‚Å¶@SenatorWallin‚Å© ‚Å¶@SenatorHousakos‚Å© ‚Å¶@Roman_Baber‚Å© ‚Å¶ https://t.co/Geo1G07dnP,neg,vax-legal,non-ca
The only immunity from Covid jabs was given by @BorisJohnson to the pharmaceutical companies that produce the vaccine. https://t.co/y7uQu4Tphu,neg,vax-efficiency,non-ca
Biden‚Äôs Vaccine Mandate for Health-Care Workers Halted by Court (1) https://t.co/IkmDeU6Wzc,neg,vax-legal,non-ca
No ONE is vaccinated against the seasonal flu called -19. The jab of goo is not a vaccine and we all know it or should. The left even ruined the word vaccine! No anything as it refers to -19. https://t.co/TNqW8y2vgy,neg,antivax-args,non-ca
"China's Xi is now taking on everyone by his pledge to donate 1 billion doses of #Covid19 vaccine to african countries. Is that a 10-year plan or what.
Come on.",pos,vax-logistics,non-ca
"I agree
PROOF THAT THE PANDEMIC WAS PLANNED &amp; WITH PURPOSE https://t.co/OXr5tImnT8

https://t.co/l0StZWDwpB https://t.co/0xFkzhJ9VV",neg,antivax-args,na
"Regardless how it was detected, the important issue it was detected and by doing so has revealed that the vaccines are not all that effective in stopping spread. But even more importantly is that the vaccine pps are truly illegitimate means of protection. https://t.co/goRiP3V5yl",neg,antivax-args,na
The selection follows ‚Äúvax‚Äù as word of the year from those who publish the Oxford English Dictionary. https://t.co/vMyOWxT0D2,NA,NA,NA
Q: What is your risk for developing long COVID? A: Vaccinated people are 47% less likely to develop long COVID. Learn more: https://t.co/svpItgp4HB https://t.co/NSakex9Pzj,pos,vax-efficiency,non-ca
10% of kids aged 5-11 in Waterloo Region have now had a dose of COVID-19 vaccine |¬†https://t.co/s5BcXp5xc6 https://t.co/JXTobXRTVx,pos,vax-logistics,ca
"On Omicron, uncertainty, vaccine equity, and the media https://t.co/7E0iszXutD via @cjr",neut,omicron,na
"The CMS vaccine mandate for healthcare workers has been stayed by a federal court in Missouri which issued a preliminary injunction. If the injunction is appealed it will be heard by the 8th Circuit, which has a conservative majori‚Ä¶https://t.co/xrO8IOYwgy https://t.co/ENXbSIdKbH",neg,vax-legal,non-ca
Petition: Fast-track rollout of Covid vaccine in 5-11s post MHRA approval https://t.co/UR5b2u0Bet,pos,vax-logistics,na
Don‚Äôt fall for this cynical ploy. The implication here is that most parents want &amp; will accept a vaccine for their 5-11 years olds who don‚Äôt stand to benefit from said vaccine the way governments and Big Pharma do. Watch that February ‚Äò22 marker get pushed further down the road. https://t.co/IPrADVt0jI,neg,vax-logistics,non-ca
Court Blocks Biden Healthcare Worker Vaccine Mandate In 10¬†States https://t.co/IVwViQoryh,neg,vax-legal,non-ca
"Global Unions join Biden, EU Parliament in call for urgent waiver on vaccine patents to tackle dangerous new variants https://t.co/NjTKEUl4p3

Over 200m workers from around the world - this is what #unionsolidarity is all about!",pos,vax-legal,non-ca
Pray that others parents of vaccine-injured children will be convicted like this father. Some of them are defending the vaxx in spite of dramatic &amp; life-changing injuries for their children. https://t.co/v46l269rlo,neg,antivax-args,non-ca
"During our Mobile Vaccine Event, we had kids participate in our #unitedagainsthateweek coloring contest! They are super creative and remarkable! Tomorrow we will announce our winners, so keep a lookout for that phone call.

@lavshate @211lacounty #lavshate https://t.co/ze9cwlvx5f",pos,vax-logistics,non-ca
"Where is the action/activity underpinning that oft-heard phrase  ""Nobody is safe until we are all safe""? Extra booster jabs in the UK won't stop variants emerging in countries where vaccine availability is low.",neg,vax-logistics,non-ca
".@POTUS is right‚Äîvaccinating yourself, your children, and receiving your booster is the best way to remain safe and healthy. Text your zip code to 438829 to find a vaccine provider near you. #Weneedyou https://t.co/ZDFlGkF5Wq",pos,vax-logistics,non-ca
State-Level Republicans Prepare Aid for Citizens Unemployed by Vaccine¬†Mandates https://t.co/uYmy33dNRg,pos,vax-logistics,non-ca
Looks like markets go up when those in control of resources plan for the worst possible outcomes. Unlike what Republicans advocate. ‚ÄúIt‚Äôs just another flu like illness‚Äù when they KNOW it‚Äôs much worse and 10X as deadly.  https://t.co/aE5dq9epym,neut,vax-logistics,non-ca
"#Republican Rep. Nancy Mace - Dismisses Vaccine on Fox &amp; then Praises It on #CNN
A Breathtaking Flip Flop
#Republicans OK telling people what they want to hear or LYING to #Americans. If they LIE about #COVID19 - What else are they LYING to You About
https://t.co/kwr3iGiERc",neg,antivax-args,non-ca
"Important: Betwn
#COVID19 Announcement 30/01/2020
&amp;
#Omicron variant announc. 26/11/2021
.
666 days ..
.
Dont miss this ..
.
#covidvariant #Corona #Vaxxed #NoVaccinePassports #OmicronVariant #ThirdWave #ENHYPEN #tellonym #ƒ∞stanbul #PTD_ON_STAGE_LA_Day2 #LiSA #HalaMadrid #vaccine",neut,omicron,non-ca
"When it comes to prostituting yourself out for money some people are willing to do just about anything!

Republican Dismisses Vaccine on Fox News, Praises It on CNN in Breathtaking Flip Flop https://t.co/d9ZtaDmEdB via @Yahoo",neg,vax-logistics,non-ca
Put the vaccine in a vape and I bet the whole country will be vaccinated in a week.üíØ,pos,vax-logistics,na
"Chinese President Xi says Beijing will sent 1 billion #COVID19 vaccine doses to Africa to help continent contain rising infection rates sparked by highly transmissible omicron variant
https://t.co/HjGmg7nVKA",pos,vax-logistics,non-ca
"Vaccine ye ke a e belaela, 3 beers I am already speaking good English Marr, since vaccination ga di mpone ü§¶üèæ‚Äç‚ôÇÔ∏è",neg,antivax-args,na
"So this is the first time in history that a so called vaccine needs boosting every 3 months.
At what point are the jabbed going to admit they have been conned ? It neither stops you getting the virus or stops you transmitting it. Therefore it cannot create herd immunity. https://t.co/MY1z2yHMWs",neg,antivax-args,na
Winnipeg First Responders Stand for Freedom - A 10-year police veteran warns that we're heading down a ‚Äúdark path‚Äù as we continue to accept pandemic rules without question. #vaccine #covid19 #cdnpoli #NoMandates https://t.co/NDcxYdBizF,neg,vax-logistics,non-ca
"WTAF! Patent just been granted which people need to see üëÄ

#freedom #patent #covid #vaccine #Omicron https://t.co/3EIU7DrZ6e",neg,antivax-args,na
"New variant oh please stop!!! This is just to push the booster and to push the vaccine on children. No Joe, the vaccine does not prevent people from getting the virus or from spreading it. This is treatable with proven and safe medicines.",neg,antivax-args,non-ca
